Medicine Name *,Type *,SKU,Strength *,Strength Unit *,Category,Store *,Cost Price *,Selling Price,Opening Stock,Barcode,Batch Number,Manufacturing Date,Expiry Date,Brand,Discount Eligible,Max Discount Type,Max Discount Value
Paracetamol 500mg,tablet,MED-001,500,mg,Analgesics,Main Pharmacy,5,6.25,10,8901100000001,BCH-2026-001,2025-01-01,2027-01-04,Getz,Yes,percentage,5
Amoxicillin 250mg,capsule,MED-002,250,mg,Antibiotics,Main Pharmacy,8,10.64,12,8901100000002,BCH-2026-002,2026-02-02,2029-02-05,Searle,No,,
Amoxicillin 500mg,capsule,MED-003,500,mg,Antihistamines,Main Pharmacy,11,15.51,14,8901100000003,BCH-2026-003,2025-03-03,2027-03-06,GSK,No,,
Cetirizine 10mg,tablet,MED-004,10,mg,Antacids,Main Pharmacy,14,20.86,16,8901100000004,BCH-2026-004,2026-04-04,2029-04-07,Abbott,No,,
Omeprazole 20mg,capsule,MED-005,20,mg,Cardiovascular,Main Pharmacy,17,26.69,18,8901100000005,BCH-2026-005,2025-05-05,2027-05-08,Hilton,Yes,percentage,5
Azithromycin 500mg,tablet,MED-006,500,mg,Diabetes,Main Pharmacy,20,25,20,8901100000006,BCH-2026-006,2026-06-06,2029-06-09,Sami,No,,
Metformin 500mg,tablet,MED-007,500,mg,Vitamins,Main Pharmacy,23,30.59,22,8901100000007,BCH-2026-007,2025-07-07,2027-07-10,Highnoon,No,,
Metformin 850mg,tablet,MED-008,850,mg,Respiratory,Main Pharmacy,22.5,31.72,24,8901100000008,BCH-2026-008,2026-08-08,2029-08-11,Martin Dow,No,,
Amlodipine 5mg,tablet,MED-009,5,mg,Dermatology,Main Pharmacy,25.5,37.99,26,8901100000009,BCH-2026-009,2025-09-09,2027-09-12,Pfizer,Yes,percentage,5
Amlodipine 10mg,tablet,MED-010,10,mg,Injectables,Main Pharmacy,28.5,44.75,28,8901100000010,BCH-2026-010,2026-10-10,2029-10-13,Novartis,No,,
Atorvastatin 10mg,tablet,MED-011,10,mg,Analgesics,Main Pharmacy,31.5,39.38,30,8901100000011,BCH-2026-011,2025-11-11,2027-11-14,Generic,No,,
Atorvastatin 20mg,tablet,MED-012,20,mg,Antibiotics,Main Pharmacy,34.5,45.89,32,8901100000012,BCH-2026-012,2026-12-12,2029-12-15,Getz,No,,
Losartan 50mg,tablet,MED-013,50,mg,Antihistamines,Main Pharmacy,37.5,52.88,34,8901100000013,BCH-2026-013,2025-01-13,2027-01-16,Searle,Yes,percentage,5
Losartan 100mg,tablet,MED-014,100,mg,Antacids,Main Pharmacy,40.5,60.34,36,8901100000014,BCH-2026-014,2026-02-14,2029-02-17,GSK,No,,
Ibuprofen 400mg,tablet,MED-015,400,mg,Cardiovascular,Main Pharmacy,40,62.8,38,8901100000015,BCH-2026-015,2025-03-15,2027-03-18,Abbott,No,,
Diclofenac 50mg,tablet,MED-016,50,mg,Diabetes,Main Pharmacy,43,53.75,40,8901100000016,BCH-2026-016,2026-04-16,2029-04-19,Hilton,No,,
Ciprofloxacin 500mg,tablet,MED-017,500,mg,Vitamins,Main Pharmacy,46,61.18,42,8901100000017,BCH-2026-017,2025-05-17,2027-05-20,Sami,Yes,percentage,5
Levofloxacin 500mg,tablet,MED-018,500,mg,Respiratory,Main Pharmacy,49,69.09,44,8901100000018,BCH-2026-018,2026-06-18,2029-06-21,Highnoon,No,,
Clarithromycin 250mg,tablet,MED-019,250,mg,Dermatology,Main Pharmacy,52,77.48,46,8901100000019,BCH-2026-019,2025-07-19,2027-07-22,Martin Dow,No,,
Doxycycline 100mg,capsule,MED-020,100,mg,Injectables,Main Pharmacy,55,86.35,48,8901100000020,BCH-2026-020,2026-08-20,2029-08-23,Pfizer,No,,
Pantoprazole 40mg,tablet,MED-021,40,mg,Analgesics,Main Pharmacy,58,72.5,50,8901100000021,BCH-2026-021,2025-09-21,2027-09-24,Novartis,Yes,percentage,5
Esomeprazole 40mg,capsule,MED-022,40,mg,Antibiotics,Main Pharmacy,57.5,76.48,52,8901100000022,BCH-2026-022,2026-10-22,2029-10-25,Generic,No,,
Ranitidine 150mg,tablet,MED-023,150,mg,Antihistamines,Main Pharmacy,60.5,85.3,54,8901100000023,BCH-2026-023,2025-11-23,2027-11-26,Getz,No,,
Domperidone 10mg,tablet,MED-024,10,mg,Antacids,Main Pharmacy,63.5,94.61,56,8901100000024,BCH-2026-024,2026-12-24,2029-12-27,Searle,No,,
Ondansetron 8mg,tablet,MED-025,8,mg,Cardiovascular,Main Pharmacy,66.5,104.41,58,8901100000025,BCH-2026-025,2025-01-25,2027-01-28,GSK,Yes,percentage,5
Montelukast 10mg,tablet,MED-026,10,mg,Diabetes,Main Pharmacy,69.5,86.88,60,8901100000026,BCH-2026-026,2026-02-26,2029-02-28,Abbott,No,,
Salbutamol 100mcg,inhaler,MED-027,100,mcg,Vitamins,Main Pharmacy,72.5,96.43,62,8901100000027,BCH-2026-027,2025-03-27,2027-03-28,Hilton,No,,
Budesonide 200mcg,inhaler,MED-028,200,mcg,Respiratory,Main Pharmacy,75.5,106.45,64,8901100000028,BCH-2026-028,2026-04-01,2029-04-04,Sami,No,,
Loratadine 10mg,tablet,MED-029,10,mg,Dermatology,Main Pharmacy,75,111.75,66,8901100000029,BCH-2026-029,2025-05-02,2027-05-05,Highnoon,Yes,percentage,5
Fexofenadine 120mg,tablet,MED-030,120,mg,Injectables,Main Pharmacy,78,122.46,68,8901100000030,BCH-2026-030,2026-06-03,2029-06-06,Martin Dow,No,,
Prednisolone 5mg,tablet,MED-031,5,mg,Analgesics,Main Pharmacy,81,101.25,70,8901100000031,BCH-2026-031,2025-07-04,2027-07-07,Pfizer,No,,
Dexamethasone 0.5mg,tablet,MED-032,0.5,mg,Antibiotics,Main Pharmacy,84,111.72,72,8901100000032,BCH-2026-032,2026-08-05,2029-08-08,Novartis,No,,
Aspirin 75mg,tablet,MED-033,75,mg,Antihistamines,Main Pharmacy,87,122.67,74,8901100000033,BCH-2026-033,2025-09-06,2027-09-09,Generic,Yes,percentage,5
Clopidogrel 75mg,tablet,MED-034,75,mg,Antacids,Main Pharmacy,90,134.1,76,8901100000034,BCH-2026-034,2026-10-07,2029-10-10,Getz,No,,
Warfarin 5mg,tablet,MED-035,5,mg,Cardiovascular,Main Pharmacy,93,146.01,78,8901100000035,BCH-2026-035,2025-11-08,2027-11-11,Searle,No,,
Furosemide 40mg,tablet,MED-036,40,mg,Diabetes,Main Pharmacy,92.5,115.63,80,8901100000036,BCH-2026-036,2026-12-09,2029-12-12,GSK,No,,
Spironolactone 25mg,tablet,MED-037,25,mg,Vitamins,Main Pharmacy,95.5,127.02,82,8901100000037,BCH-2026-037,2025-01-10,2027-01-13,Abbott,Yes,percentage,5
Glibenclamide 5mg,tablet,MED-038,5,mg,Respiratory,Main Pharmacy,98.5,138.88,84,8901100000038,BCH-2026-038,2026-02-11,2029-02-14,Hilton,No,,
Gliclazide 80mg,tablet,MED-039,80,mg,Dermatology,Main Pharmacy,101.5,151.23,86,8901100000039,BCH-2026-039,2025-03-12,2027-03-15,Sami,No,,
Sitagliptin 50mg,tablet,MED-040,50,mg,Injectables,Main Pharmacy,104.5,164.06,88,8901100000040,BCH-2026-040,2026-04-13,2029-04-16,Highnoon,No,,
Insulin Regular 100IU,injection,MED-041,100,IU,Analgesics,Main Pharmacy,7.5,9.38,90,8901100000041,BCH-2026-041,2025-05-14,2027-05-17,Martin Dow,Yes,percentage,5
Ceftriaxone 1g,injection,MED-042,1,g,Antibiotics,Main Pharmacy,10.5,13.96,92,8901100000042,BCH-2026-042,2026-06-15,2029-06-18,Pfizer,No,,
Cefixime 400mg,capsule,MED-043,400,mg,Antihistamines,Main Pharmacy,10,14.1,94,8901100000043,BCH-2026-043,2025-07-16,2027-07-19,Novartis,No,,
Linezolid 600mg,tablet,MED-044,600,mg,Antacids,Main Pharmacy,13,19.37,96,8901100000044,BCH-2026-044,2026-08-17,2029-08-20,Generic,No,,
Metronidazole 400mg,tablet,MED-045,400,mg,Cardiovascular,Main Pharmacy,16,25.12,98,8901100000045,BCH-2026-045,2025-09-18,2027-09-21,Getz,Yes,percentage,5
Tinidazole 500mg,tablet,MED-046,500,mg,Diabetes,Main Pharmacy,19,23.75,100,8901100000046,BCH-2026-046,2026-10-19,2029-10-22,Searle,No,,
Vitamin D3 50000IU,capsule,MED-047,50000,IU,Vitamins,Main Pharmacy,22,29.26,102,8901100000047,BCH-2026-047,2025-11-20,2027-11-23,GSK,No,,
Vitamin B12 1000mcg,injection,MED-048,1000,mcg,Respiratory,Main Pharmacy,25,35.25,104,8901100000048,BCH-2026-048,2026-12-21,2029-12-24,Abbott,No,,
Folic Acid 5mg,tablet,MED-049,5,mg,Dermatology,Main Pharmacy,28,41.72,106,8901100000049,BCH-2026-049,2025-01-22,2027-01-25,Hilton,Yes,percentage,5
Iron Polymaltose 50mg/5ml,syrup,MED-050,50,mg/5ml,Injectables,Main Pharmacy,27.5,43.18,108,8901100000050,BCH-2026-050,2026-02-23,2029-02-26,Sami,No,,
ORS 20.5g,pcs,MED-051,20.5,g,Analgesics,Main Pharmacy,30.5,38.13,10,8901100000051,BCH-2026-051,2025-03-24,2027-03-27,Highnoon,No,,
Calcium Carbonate 500mg,tablet,MED-052,500,mg,Antibiotics,Main Pharmacy,33.5,44.55,12,8901100000052,BCH-2026-052,2026-04-25,2029-04-28,Martin Dow,No,,
Multivitamin 5ml,syrup,MED-053,5,ml,Antihistamines,Main Pharmacy,36.5,51.46,14,8901100000053,BCH-2026-053,2025-05-26,2027-05-28,Pfizer,Yes,percentage,5
Chlorpheniramine 2mg/5ml,syrup,MED-054,2,mg/5ml,Antacids,Main Pharmacy,39.5,58.85,16,8901100000054,BCH-2026-054,2026-06-27,2029-06-28,Novartis,No,,
Dextromethorphan 15mg/5ml,syrup,MED-055,15,mg/5ml,Cardiovascular,Main Pharmacy,42.5,66.73,18,8901100000055,BCH-2026-055,2025-07-01,2027-07-04,Generic,No,,
Ambroxol 30mg/5ml,syrup,MED-056,30,mg/5ml,Diabetes,Main Pharmacy,45.5,56.88,20,8901100000056,BCH-2026-056,2026-08-02,2029-08-05,Getz,No,,
Miconazole 2%,cream,MED-057,2,%,Vitamins,Main Pharmacy,45,59.85,22,8901100000057,BCH-2026-057,2025-09-03,2027-09-06,Searle,Yes,percentage,5
Clotrimazole 1%,cream,MED-058,1,%,Respiratory,Main Pharmacy,48,67.68,24,8901100000058,BCH-2026-058,2026-10-04,2029-10-07,GSK,No,,
Hydrocortisone 1%,ointment,MED-059,1,%,Dermatology,Main Pharmacy,51,75.99,26,8901100000059,BCH-2026-059,2025-11-05,2027-11-08,Abbott,No,,
Betamethasone 0.1%,cream,MED-060,0.1,%,Injectables,Main Pharmacy,54,84.78,28,8901100000060,BCH-2026-060,2026-12-06,2029-12-09,Hilton,No,,
Fusidic Acid 2%,cream,MED-061,2,%,Analgesics,Main Pharmacy,57,71.25,30,8901100000061,BCH-2026-061,2025-01-07,2027-01-10,Sami,Yes,percentage,5
Mupirocin 2%,ointment,MED-062,2,%,Antibiotics,Main Pharmacy,60,79.8,32,8901100000062,BCH-2026-062,2026-02-08,2029-02-11,Highnoon,No,,
Tobramycin 0.3%,drops,MED-063,0.3,%,Antihistamines,Main Pharmacy,63,88.83,34,8901100000063,BCH-2026-063,2025-03-09,2027-03-12,Martin Dow,No,,
Ciprofloxacin Eye 0.3%,drops,MED-064,0.3,%,Antacids,Main Pharmacy,62.5,93.13,36,8901100000064,BCH-2026-064,2026-04-10,2029-04-13,Pfizer,No,,
Artificial Tears 0.5%,drops,MED-065,0.5,%,Cardiovascular,Main Pharmacy,65.5,102.84,38,8901100000065,BCH-2026-065,2025-05-11,2027-05-14,Novartis,Yes,percentage,5
Xylometazoline 0.1%,drops,MED-066,0.1,%,Diabetes,Main Pharmacy,68.5,85.63,40,8901100000066,BCH-2026-066,2026-06-12,2029-06-15,Generic,No,,
Normal Saline 0.9%,injection,MED-067,0.9,%,Vitamins,Main Pharmacy,71.5,95.09,42,8901100000067,BCH-2026-067,2025-07-13,2027-07-16,Getz,No,,
Dextrose 5%,injection,MED-068,5,%,Respiratory,Main Pharmacy,74.5,105.04,44,8901100000068,BCH-2026-068,2026-08-14,2029-08-17,Searle,No,,
Tramadol 50mg,capsule,MED-069,50,mg,Dermatology,Main Pharmacy,77.5,115.47,46,8901100000069,BCH-2026-069,2025-09-15,2027-09-18,GSK,Yes,percentage,5
Codeine 30mg,tablet,MED-070,30,mg,Injectables,Main Pharmacy,80.5,126.39,48,8901100000070,BCH-2026-070,2026-10-16,2029-10-19,Abbott,No,,
Morphine 10mg/ml,injection,MED-071,10,mg/ml,Analgesics,Main Pharmacy,80,100,50,8901100000071,BCH-2026-071,2025-11-17,2027-11-20,Hilton,No,,
Ketorolac 30mg/ml,injection,MED-072,30,mg/ml,Antibiotics,Main Pharmacy,83,110.39,52,8901100000072,BCH-2026-072,2026-12-18,2029-12-21,Sami,No,,
Diclofenac Inj 75mg/ml,injection,MED-073,75,mg/ml,Antihistamines,Main Pharmacy,86,121.26,54,8901100000073,BCH-2026-073,2025-01-19,2027-01-22,Highnoon,Yes,percentage,5
Omeprazole Inj 40mg,injection,MED-074,40,mg,Antacids,Main Pharmacy,89,132.61,56,8901100000074,BCH-2026-074,2026-02-20,2029-02-23,Martin Dow,No,,
Hydrocortisone Inj 100mg,injection,MED-075,100,mg,Cardiovascular,Main Pharmacy,92,144.44,58,8901100000075,BCH-2026-075,2025-03-21,2027-03-24,Pfizer,No,,
Adrenaline 1mg/ml,injection,MED-076,1,mg/ml,Diabetes,Main Pharmacy,95,118.75,60,8901100000076,BCH-2026-076,2026-04-22,2029-04-25,Novartis,No,,
Atropine 1mg/ml,injection,MED-077,1,mg/ml,Vitamins,Main Pharmacy,98,130.34,62,8901100000077,BCH-2026-077,2025-05-23,2027-05-26,Generic,Yes,percentage,5
Nitroglycerin 0.5mg,tablet,MED-078,0.5,mg,Respiratory,Main Pharmacy,97.5,137.47,64,8901100000078,BCH-2026-078,2026-06-24,2029-06-27,Getz,No,,
Isosorbide Mononitrate 20mg,tablet,MED-079,20,mg,Dermatology,Main Pharmacy,100.5,149.75,66,8901100000079,BCH-2026-079,2025-07-25,2027-07-28,Searle,No,,
Digoxin 0.25mg,tablet,MED-080,0.25,mg,Injectables,Main Pharmacy,103.5,162.5,68,8901100000080,BCH-2026-080,2026-08-26,2029-08-28,GSK,No,,
Bisoprolol 5mg,tablet,MED-081,5,mg,Analgesics,Main Pharmacy,6.5,8.13,70,8901100000081,BCH-2026-081,2025-09-27,2027-09-28,Abbott,Yes,percentage,5
Carvedilol 6.25mg,tablet,MED-082,6.25,mg,Antibiotics,Main Pharmacy,9.5,12.64,72,8901100000082,BCH-2026-082,2026-10-01,2029-10-04,Hilton,No,,
Enalapril 5mg,tablet,MED-083,5,mg,Antihistamines,Main Pharmacy,12.5,17.63,74,8901100000083,BCH-2026-083,2025-11-02,2027-11-05,Sami,No,,
Ramipril 5mg,tablet,MED-084,5,mg,Antacids,Main Pharmacy,15.5,23.09,76,8901100000084,BCH-2026-084,2026-12-03,2029-12-06,Highnoon,No,,
Telmisartan 40mg,tablet,MED-085,40,mg,Cardiovascular,Main Pharmacy,15,23.55,78,8901100000085,BCH-2026-085,2025-01-04,2027-01-07,Martin Dow,Yes,percentage,5
Valsartan 80mg,tablet,MED-086,80,mg,Diabetes,Main Pharmacy,18,22.5,80,8901100000086,BCH-2026-086,2026-02-05,2029-02-08,Pfizer,No,,
Rosuvastatin 10mg,tablet,MED-087,10,mg,Vitamins,Main Pharmacy,21,27.93,82,8901100000087,BCH-2026-087,2025-03-06,2027-03-09,Novartis,No,,
Simvastatin 20mg,tablet,MED-088,20,mg,Respiratory,Main Pharmacy,24,33.84,84,8901100000088,BCH-2026-088,2026-04-07,2029-04-10,Generic,No,,
Fenofibrate 200mg,capsule,MED-089,200,mg,Dermatology,Main Pharmacy,27,40.23,86,8901100000089,BCH-2026-089,2025-05-08,2027-05-11,Getz,Yes,percentage,5
Allopurinol 100mg,tablet,MED-090,100,mg,Injectables,Main Pharmacy,30,47.1,88,8901100000090,BCH-2026-090,2026-06-09,2029-06-12,Searle,No,,
Colchicine 0.5mg,tablet,MED-091,0.5,mg,Analgesics,Main Pharmacy,33,41.25,90,8901100000091,BCH-2026-091,2025-07-10,2027-07-13,GSK,No,,
Methotrexate 2.5mg,tablet,MED-092,2.5,mg,Antibiotics,Main Pharmacy,32.5,43.23,92,8901100000092,BCH-2026-092,2026-08-11,2029-08-14,Abbott,No,,
Leflunomide 20mg,tablet,MED-093,20,mg,Antihistamines,Main Pharmacy,35.5,50.05,94,8901100000093,BCH-2026-093,2025-09-12,2027-09-15,Hilton,Yes,percentage,5
Tamsulosin 0.4mg,capsule,MED-094,0.4,mg,Antacids,Main Pharmacy,38.5,57.37,96,8901100000094,BCH-2026-094,2026-10-13,2029-10-16,Sami,No,,
Finasteride 5mg,tablet,MED-095,5,mg,Cardiovascular,Main Pharmacy,41.5,65.16,98,8901100000095,BCH-2026-095,2025-11-14,2027-11-17,Highnoon,No,,
Sildenafil 50mg,tablet,MED-096,50,mg,Diabetes,Main Pharmacy,44.5,55.63,100,8901100000096,BCH-2026-096,2026-12-15,2029-12-18,Martin Dow,No,,
Alprazolam 0.5mg,tablet,MED-097,0.5,mg,Vitamins,Main Pharmacy,47.5,63.18,102,8901100000097,BCH-2026-097,2025-01-16,2027-01-19,Pfizer,Yes,percentage,5
Sertraline 50mg,tablet,MED-098,50,mg,Respiratory,Main Pharmacy,50.5,71.2,104,8901100000098,BCH-2026-098,2026-02-17,2029-02-20,Novartis,No,,
Escitalopram 10mg,tablet,MED-099,10,mg,Dermatology,Main Pharmacy,50,74.5,106,8901100000099,BCH-2026-099,2025-03-18,2027-03-21,Generic,No,,
Quetiapine 25mg,tablet,MED-100,25,mg,Injectables,Main Pharmacy,53,83.21,108,8901100000100,BCH-2026-100,2026-04-19,2029-04-22,Getz,No,,